{
  "0": {
    "x": 46.65040588378906,
    "y": 88.72138214111328
  },
  "1": {
    "x": 46.60167694091797,
    "y": 91.82317352294922
  },
  "2": {
    "x": 46.455543518066406,
    "y": 94.92190551757812
  },
  "3": {
    "x": 46.21215057373047,
    "y": 98.01451110839844
  },
  "4": {
    "x": 45.871742248535156,
    "y": 101.09795379638672
  },
  "5": {
    "x": 45.43463897705078,
    "y": 104.16918182373047
  },
  "6": {
    "x": 44.901283264160156,
    "y": 107.22515869140625
  },
  "7": {
    "x": 44.27220153808594,
    "y": 110.26287841796875
  },
  "8": {
    "x": 43.548011779785156,
    "y": 113.27934265136719
  },
  "9": {
    "x": 42.72943878173828,
    "y": 116.27156066894531
  },
  "10": {
    "x": 41.81727600097656,
    "y": 119.23660278320312
  },
  "11": {
    "x": 40.81242370605469,
    "y": 122.17152404785156
  },
  "12": {
    "x": 39.71588134765625,
    "y": 125.07342529296875
  },
  "13": {
    "x": 38.52873229980469,
    "y": 127.93946838378906
  },
  "14": {
    "x": 37.25214385986328,
    "y": 130.7667999267578
  },
  "15": {
    "x": 35.88737487792969,
    "y": 133.55264282226562
  },
  "16": {
    "x": 34.435768127441406,
    "y": 136.2942352294922
  },
  "17": {
    "x": 32.898773193359375,
    "y": 138.98887634277344
  },
  "18": {
    "x": 31.27789306640625,
    "y": 141.6339111328125
  },
  "19": {
    "x": 29.574729919433594,
    "y": 144.2267303466797
  },
  "20": {
    "x": 27.79096221923828,
    "y": 146.7647705078125
  },
  "21": {
    "x": 25.92835235595703,
    "y": 149.24554443359375
  },
  "22": {
    "x": 23.988746643066406,
    "y": 151.66656494140625
  },
  "23": {
    "x": 21.974044799804688,
    "y": 154.02548217773438
  },
  "24": {
    "x": 19.88623809814453,
    "y": 156.3199462890625
  },
  "25": {
    "x": 17.727401733398438,
    "y": 158.54769897460938
  },
  "26": {
    "x": 15.499649047851562,
    "y": 160.70654296875
  },
  "27": {
    "x": 13.205184936523438,
    "y": 162.79434204101562
  },
  "28": {
    "x": 10.846271514892578,
    "y": 164.80905151367188
  },
  "29": {
    "x": 8.425239562988281,
    "y": 166.7486572265625
  },
  "30": {
    "x": 5.944477081298828,
    "y": 168.61126708984375
  },
  "31": {
    "x": 3.4064369201660156,
    "y": 170.39501953125
  },
  "32": {
    "x": 0.8136177062988281,
    "y": 172.0981903076172
  },
  "33": {
    "x": -1.8314208984375,
    "y": 173.7190704345703
  },
  "34": {
    "x": -4.526065826416016,
    "y": 175.25607299804688
  },
  "35": {
    "x": -7.267662048339844,
    "y": 176.70767211914062
  },
  "36": {
    "x": -10.05350112915039,
    "y": 178.07244873046875
  },
  "37": {
    "x": -12.880828857421875,
    "y": 179.34902954101562
  },
  "38": {
    "x": -15.746868133544922,
    "y": 180.5361785888672
  },
  "39": {
    "x": -18.648773193359375,
    "y": 181.63272094726562
  },
  "40": {
    "x": -21.583696365356445,
    "y": 182.6375732421875
  },
  "41": {
    "x": -24.54873275756836,
    "y": 183.54974365234375
  },
  "42": {
    "x": -27.540956497192383,
    "y": 184.36831665039062
  },
  "43": {
    "x": -30.557418823242188,
    "y": 185.09249877929688
  },
  "44": {
    "x": -33.59513854980469,
    "y": 185.72158813476562
  },
  "45": {
    "x": -36.651119232177734,
    "y": 186.25494384765625
  },
  "46": {
    "x": -39.72234344482422,
    "y": 186.69204711914062
  },
  "47": {
    "x": -42.805782318115234,
    "y": 187.03244018554688
  },
  "48": {
    "x": -45.89839172363281,
    "y": 187.27584838867188
  },
  "49": {
    "x": -48.99712371826172,
    "y": 187.42196655273438
  },
  "50": {
    "x": -52.098915100097656,
    "y": 187.470703125
  },
  "51": {
    "x": -55.200706481933594,
    "y": 187.42196655273438
  },
  "52": {
    "x": -58.2994384765625,
    "y": 187.27584838867188
  },
  "53": {
    "x": -61.39204788208008,
    "y": 187.03244018554688
  },
  "54": {
    "x": -64.4754867553711,
    "y": 186.69204711914062
  },
  "55": {
    "x": -67.54671478271484,
    "y": 186.25494384765625
  },
  "56": {
    "x": -70.60269165039062,
    "y": 185.72158813476562
  },
  "57": {
    "x": -73.64041137695312,
    "y": 185.09249877929688
  },
  "58": {
    "x": -76.65687561035156,
    "y": 184.36831665039062
  },
  "59": {
    "x": -79.64909362792969,
    "y": 183.54974365234375
  },
  "60": {
    "x": -82.6141357421875,
    "y": 182.6375732421875
  },
  "61": {
    "x": -85.54905700683594,
    "y": 181.63272094726562
  },
  "62": {
    "x": -88.45095825195312,
    "y": 180.5361785888672
  },
  "63": {
    "x": -91.31700134277344,
    "y": 179.34902954101562
  },
  "64": {
    "x": -94.14433288574219,
    "y": 178.07244873046875
  },
  "65": {
    "x": -96.93016815185547,
    "y": 176.70767211914062
  },
  "66": {
    "x": -99.67176818847656,
    "y": 175.25607299804688
  },
  "67": {
    "x": -102.36640930175781,
    "y": 173.7190704345703
  },
  "68": {
    "x": -105.01144409179688,
    "y": 172.0981903076172
  },
  "69": {
    "x": -107.60426330566406,
    "y": 170.39501953125
  },
  "70": {
    "x": -110.14230346679688,
    "y": 168.61126708984375
  },
  "71": {
    "x": -112.6230697631836,
    "y": 166.7486572265625
  },
  "72": {
    "x": -115.04409790039062,
    "y": 164.80905151367188
  },
  "73": {
    "x": -117.40301513671875,
    "y": 162.79434204101562
  },
  "74": {
    "x": -119.69747924804688,
    "y": 160.70654296875
  },
  "75": {
    "x": -121.92523193359375,
    "y": 158.54769897460938
  },
  "76": {
    "x": -124.08406829833984,
    "y": 156.3199462890625
  },
  "77": {
    "x": -126.171875,
    "y": 154.02548217773438
  },
  "78": {
    "x": -128.18658447265625,
    "y": 151.66656494140625
  },
  "79": {
    "x": -130.12619018554688,
    "y": 149.24554443359375
  },
  "80": {
    "x": -131.98880004882812,
    "y": 146.7647705078125
  },
  "81": {
    "x": -133.77255249023438,
    "y": 144.2267303466797
  },
  "82": {
    "x": -135.47572326660156,
    "y": 141.6339111328125
  },
  "83": {
    "x": -137.0966033935547,
    "y": 138.98887634277344
  },
  "84": {
    "x": -138.63360595703125,
    "y": 136.2942352294922
  },
  "85": {
    "x": -140.085205078125,
    "y": 133.55264282226562
  },
  "86": {
    "x": -141.44998168945312,
    "y": 130.7667999267578
  },
  "87": {
    "x": -142.7265625,
    "y": 127.93946838378906
  },
  "88": {
    "x": -143.91371154785156,
    "y": 125.07342529296875
  },
  "89": {
    "x": -145.01025390625,
    "y": 122.17152404785156
  },
  "90": {
    "x": -146.01510620117188,
    "y": 119.23660278320312
  },
  "91": {
    "x": -146.92727661132812,
    "y": 116.27156066894531
  },
  "92": {
    "x": -147.745849609375,
    "y": 113.27934265136719
  },
  "93": {
    "x": -148.47003173828125,
    "y": 110.26287841796875
  },
  "94": {
    "x": -149.09912109375,
    "y": 107.22515869140625
  },
  "95": {
    "x": -149.63247680664062,
    "y": 104.16918182373047
  },
  "96": {
    "x": -150.069580078125,
    "y": 101.09795379638672
  },
  "97": {
    "x": -150.40997314453125,
    "y": 98.01451110839844
  },
  "98": {
    "x": -150.65338134765625,
    "y": 94.92190551757812
  },
  "99": {
    "x": -150.79949951171875,
    "y": 91.82317352294922
  },
  "100": {
    "x": -150.84823608398438,
    "y": 88.72138214111328
  },
  "101": {
    "x": -150.79949951171875,
    "y": 85.61959075927734
  },
  "102": {
    "x": -150.65338134765625,
    "y": 82.52085876464844
  },
  "103": {
    "x": -150.40997314453125,
    "y": 79.42825317382812
  },
  "104": {
    "x": -150.069580078125,
    "y": 76.34481048583984
  },
  "105": {
    "x": -149.63247680664062,
    "y": 73.2735824584961
  },
  "106": {
    "x": -149.09912109375,
    "y": 70.21760559082031
  },
  "107": {
    "x": -148.47003173828125,
    "y": 67.17988586425781
  },
  "108": {
    "x": -147.745849609375,
    "y": 64.16342163085938
  },
  "109": {
    "x": -146.92727661132812,
    "y": 61.171199798583984
  },
  "110": {
    "x": -146.01510620117188,
    "y": 58.20616149902344
  },
  "111": {
    "x": -145.01025390625,
    "y": 55.271240234375
  },